,p-value,chi-square value
0,0.26986305559817614,12.231481186502497
1,0.9344610892720228,4.267747916541904
2,0.13084706078731245,15.033450542649225
3,0.48044599901406215,9.554080868953873
4,0.02019998091427444,21.130762153619965
5,0.10720435580261789,15.743823103422928
6,0.1858259014189655,13.726714246377254
7,0.22483932816051055,12.979160213834145
8,0.3081991554451753,11.663628128738832
9,0.8917832078306817,4.990928059847575
10,0.28122311835782954,12.05755368324225
11,0.9937944798217772,2.2723525139544725
12,0.03315698328596717,19.61074155871346
13,0.39720113915300803,10.506896611186248
14,0.6173556774478355,8.117552188954777
15,0.20428354785928626,13.35905638488892
16,0.4056298785849962,10.405929859641548
17,0.18723351411257527,13.697675261947683
18,0.051062676929984785,18.239046627158988
19,0.12223396569695821,15.278481263258978
20,0.6069841819400492,8.223825124377688
21,0.5088087695894241,9.247269102223292
22,0.1794447511030235,13.86061726756721
23,0.5996412591615482,8.299154159439073
24,0.8726795130144795,5.266498180271079
25,0.19757523354537576,13.489508297386584
26,0.27617061012488664,12.134273519913487
27,0.33170936077547186,11.339194172494862
28,0.35053070939946573,11.090241819321736
29,0.02999218573217588,19.9227171797992
30,0.7292552882272758,6.959579716006368
31,0.8844107042952029,5.099822807186389
32,0.37728914739091546,10.750435305820554
33,0.9715074305620462,3.364264371420625
34,0.29700906485064005,11.823988201433036
35,0.47983407620809637,9.560780686389723
36,0.5043639756547286,9.294899348050963
37,0.5330531834947841,8.98999677611034
38,0.947596604252668,3.994458920176056
39,0.27547225780106066,12.14495668785104
40,0.7437979489227848,6.8041289323891805
41,0.46362610080895506,9.739626924211727
42,0.31761501460331143,11.531758860051351
43,0.2330094336221027,12.83560005127247
44,0.5435454525718624,8.879824737292688
45,0.713666644968245,7.124235261424414
46,0.9260330037130835,4.42704735365168
47,0.4983871871359008,9.359197438439741
48,0.816000214783251,5.991221750850803
49,0.7390865307389367,6.854708019050924
50,0.0338683757947299,19.54442132967046
51,0.2416641601819176,12.687642224096152
52,0.8911704855887531,5.000112770832934
53,0.8507855700505105,5.559894331303425
54,0.2130611109808186,13.193356408267457
55,0.6397295110836303,7.88847648395168
56,0.2954383762778412,11.84683075684944
57,0.2706246866501114,12.219656813880379
58,0.6698699261315071,7.579142777319076
59,0.5794286862527047,8.50711372800695
60,0.6471237948105423,7.812725411328666
61,0.8236171169957625,5.899715669500527
62,0.7105044953281638,7.15742179747766
63,0.20685751615480552,13.309897211293002
64,0.20533670360695544,13.338884118679838
65,0.07092837287365972,17.158554573556238
66,0.9475191923399845,3.996178948852323
67,0.8778229055201254,5.1943471112426804
68,0.03795513751267865,19.186638373303815
69,0.82345895996097,5.9016306237323715
70,0.14935473253635356,14.54987092036501
71,0.5691427615256586,8.613406693628441
72,0.8823236408799823,5.130038472241182
73,0.7724189630145435,6.491501574450387
74,0.29168608188656675,11.90174649547619
75,0.019054902772698057,21.30649148860194
76,0.7165527521311488,7.093886641507412
77,0.09719695050250377,16.08599729909125
78,0.6575442989589184,7.70584844084121
79,0.9161023401782538,4.60251273832332
80,0.8191696343977096,5.953321049836255
81,0.8494790006160338,5.576788649893771
82,0.20134856539696788,13.41570850348845
83,0.11241920904097091,15.576348443720766
84,0.538952331123745,8.927975967689493
85,0.4779793874938092,9.58110975826475
86,0.026453181709861107,20.31000856187573
87,0.9491938941737817,3.9586313760865273
88,0.6133463100242943,8.158621057908842
89,0.6584950691498325,7.696087322625278
90,0.6835866993982558,7.4376032841463795
91,0.9218182218771354,4.502977690873484
92,0.8035619369892628,6.137730953425976
93,0.7322575844650212,6.92764518228606
94,0.956975967328985,3.773771646819514
95,0.7446192033000175,6.795289675464896
96,0.3452309686961712,11.159452094433648
97,0.30656526502491577,11.686789536182772
98,0.3844432270457321,10.66208635712804
99,0.9918872967206542,2.4277475979831924
100,0.7748340546474122,6.4646352373058455
101,0.5713799887279405,8.590255570135037
102,0.3381258949656534,11.25331738675434
103,0.47910123365451696,9.568809254955836
104,0.6280868125875118,8.007679124559903
105,0.2910370718179496,11.911295130608416
106,0.7074988572854842,7.188905729815653
107,0.5641911010599353,8.664716062197435
108,0.6548366566111794,7.733636804774303
109,0.48055370348431237,9.552902012888392
110,0.4941283309472141,9.405197216874477
111,0.16946655307861536,14.077930310177411
112,0.30362005825549043,11.728754854019725
113,0.20789435000800993,13.29023069013089
114,0.6878097259268086,7.3938836082006345
115,0.47327850399738003,9.632789819775192
116,0.3534112980830608,11.052902450337545
117,0.3287094495020101,11.379718359703137
118,0.8621467117512686,5.410216894087227
119,0.7655172302034033,6.567825924232971
120,0.7028711158344698,7.237272895683782
121,0.9970228665745491,1.904225007962498
122,0.9052229638654333,4.7825411648466805
123,0.5252529400940695,9.072333284596128
124,0.08728551899219072,16.456640088077904
125,0.25013016986708814,12.546721854868943
126,0.7932056090354175,6.257265235537723
127,0.9466747672120621,4.014846012117748
128,0.27614992749811895,12.134589636660294
129,0.7716019466199612,6.500571311427201
130,0.5683823330117845,8.621280022923825
131,0.46618076338952474,9.711253568337627
132,0.29592015019275164,11.839815313465229
133,0.1821842752259999,13.802668667723042
134,0.7557257565042258,6.675038073093022
135,0.917353323197369,4.581045246796001
136,0.5697168849895868,8.60746379411262
137,0.36891951518815125,10.855081048980228
138,0.08951743150537972,16.37007218041297
139,0.7832999390777816,6.369762389332988
140,0.34503116863457217,11.162074562497553
141,0.0014689150889392044,28.557505534512792
142,0.3875554298323931,10.623955847877907
143,0.9663669863437033,3.521393249337732
144,0.8513831813053572,5.5521461590907295
145,0.7283256687699162,6.969452240813952
146,0.4254947614965199,10.172467333558679
147,0.026955224744417916,20.252236342488256
148,0.2557643556528262,12.454898083546563
149,0.10223135127921146,15.910223719052867
150,0.25510348009015693,12.465590659595197
151,0.20083988904691263,13.425593254360413
152,0.7006485767074191,7.260457641111762
153,0.14875230995816602,14.564799551271111
154,0.3898504260802784,10.595952385622486
155,0.7341295006252224,6.907694315356586
156,0.125221206934241,15.191882174111646
157,0.4574494374245086,9.808528459591116
158,0.7495730694900274,6.741821081989563
159,0.149442463423771,14.547701041680495
160,0.7310994612833172,6.939972999336904
161,0.7048853961318575,7.216236162000395
162,0.052452869455125395,18.15201492904085
163,0.7675317768046303,6.545615014631921
164,0.18802270225709128,13.681470783051143
165,0.9192894659645038,4.547476553141339
166,0.156767047350582,14.370159975077119
167,0.5127509362656348,9.20515279350385
168,0.48275392185563526,9.52884458472993
169,0.889336044215725,5.0274612074900356
170,0.3480716126331128,11.122271990621334
171,0.16546750653928755,14.167956955834686
172,0.1301307109390737,15.053299256346143
173,0.309265313382733,11.648560001568995
174,0.8607382929424527,5.429056508206649
175,0.18853633820177262,13.670953465148157
176,0.21175109310550178,13.217743557795215
177,0.009871939350986625,23.24662904242031
178,0.5876850914289891,8.422039517515165
179,0.1534902243027907,14.448718348749745
180,0.9274224259287558,4.4015023448197415
181,0.7904454026018972,6.28878379045287
182,0.019381077435597027,21.255447402199547
183,0.442126307397551,9.981403856730353
184,0.7828746896367584,6.374554814694741
185,0.9722651274891586,3.339630497382249
186,0.3369258572925553,11.269296869203899
187,0.6231069347739375,8.058660986552583
188,0.1687570765433417,14.093774520161727
189,0.8056195199930488,6.1137275144596614
190,0.3675173532983682,10.872752951980168
191,0.689984946952597,7.371334001086363
192,0.6059408858372523,8.234522724870615
193,0.036557476360873364,19.304823826075285
194,0.19532191894790618,13.534112989028392
195,0.31755515040916904,11.53258883191677
196,0.795644739460922,6.229297512660754
197,0.5284488744681413,9.038551261862125
198,0.41152647076893767,10.335991732163922
199,0.2488785907629072,12.567327952626911
200,0.5111682283555179,9.222047576703535
201,0.8462403880011211,5.618400711086185
202,0.9430955112977911,4.092121845828108
203,0.36602661608408826,10.891586561854872
204,0.9779340341519488,3.1400221853484056
205,0.34820397173206774,11.120544327746913
206,0.04880521997403586,18.385068841480553
207,0.5144821445852196,9.186694190351648
208,0.3680460305869486,10.86608502383433
209,0.3983053759851155,10.493600482667365
210,0.028323116288631933,20.099760526398573
211,0.7242886985817452,7.012242334859537
212,0.9407255762045773,4.1417562129142516
213,0.8460556482759797,5.620763267557121
214,0.2536427077028469,12.48929805011372
215,0.0832377476597943,16.618733923344845
216,0.7347347701337956,6.901236651223202
217,0.8961708834359557,4.924395192090517
218,0.001171103328497236,29.166255612455032
219,0.4050863096211472,10.412405368627754
220,0.9282591157365718,4.385990056607699
221,0.7241915878633247,7.013270053149806
222,0.04286796635007817,18.80072820754241
223,0.718133920832172,7.077235160461374
224,0.8218242768677564,5.9213852995592795
225,0.3246306042531747,11.435211831464137
226,0.3750698434707499,10.778045521560262
227,0.5556940984898436,8.753002469952044
228,0.8263644660428867,5.866345672748174
229,0.16707194758926724,14.131626372418921
230,0.6131694705256037,8.160432812366523
231,0.6915694282159164,7.354894733503022
232,0.7172346577344477,7.086707603251742
233,0.6342024828762589,7.945070334264293
234,0.43126109146985603,10.105795201534567
235,0.03659822766032239,19.30131949018952
236,0.5097936163723108,9.236736371056702
237,0.5287844523958894,9.035007931756361
238,0.37311933607795644,10.80239301587123
239,0.2214232140466772,13.040374053953194
240,0.2968689197341279,11.826022904809834
241,0.47331291910187145,9.63241065434938
242,0.48591498702433933,9.494362065759871
243,0.5577983371093185,8.731108947343618
244,0.8618862803578458,5.4137069167268965
245,0.18423180239617287,13.759814277065209
246,0.38338975056968105,10.675034613827256
247,0.8529606238920732,5.5316302820185355
248,0.19312676255322425,13.577961115193164
249,0.8616055775996857,5.417465339558165
250,0.4394154465877903,10.012292908802449
251,0.8607002179443393,5.429564646799186
252,0.6096304725615688,8.196697783886247
253,0.9569040778900474,3.775567081810605
254,0.18083954033890093,13.831025123848658
255,0.3764445556543443,10.760931286273784
256,0.7166832104878967,7.0925134436624
257,0.7254996574942256,6.999420532229894
258,0.8810309074464048,5.148626600784209
259,0.4920778909372089,9.427400184007213
260,0.9255279713414089,4.436267503035183
261,0.13890314139453064,14.816326257993218
262,0.5303011496860457,9.019002225468999
263,0.7029943196813786,7.235986856329259
264,0.8476782417178765,5.599971943432605
265,0.5730281575277572,8.57321191064379
266,0.8327721922067075,5.787711916141496
267,0.5739435072239203,8.56375051927409
268,0.8720465947439784,5.275282988873645
269,0.7085307569531607,7.178103048555732
270,0.7128125246973931,7.133205747918579
271,0.889719993742403,5.0217555411343895
272,0.6855509721804386,7.417277138136205
273,0.3010507433147669,11.765594165226748
274,0.572820986331712,8.575353722100589
275,0.9660564413820394,3.5303892090003965
276,0.4425178562412857,9.976950176550709
277,0.3764882716316732,10.760387668840949
278,0.3228775815733773,11.45920459023539
279,0.7464106712227732,6.775983748483226
280,0.7012129347176415,7.254573087262194
281,0.6763973042360695,7.5118702106920745
282,0.3033088676015536,11.73320526925913
283,0.010968501625413407,22.940458703852663
284,0.5111386353948554,9.222363649368507
285,0.5912586403406481,8.38527575199394
286,0.285739631255161,11.989801456764503
287,0.8869369314984847,5.062897950909963
288,0.6683368696751684,7.594923797154959
289,0.8019702512351966,6.1562394554525826
290,0.2878097042937344,11.959002223583113
291,0.5073044392249909,9.263372076638758
292,0.16789442575780078,14.113112863707451
293,0.48762382597201426,9.47576018262899
294,0.07741510491037173,16.864562467591224
295,0.9714662226029643,3.3655921448448876
296,0.8651920623829773,5.369186957627072
297,0.5706029368219572,8.598294485050241
298,0.8372960275990079,5.731479718185946
299,0.04295094335480243,18.794565633668626
300,0.04737406649923104,18.480859393580594
301,0.5024419365987028,9.315544594634607
302,0.8895412449342817,5.024413029765759
303,0.391524813836988,10.57558204917186
304,0.8883659746172903,5.04183422288026
305,0.29058002072382183,11.918028540240588
306,0.9013783967276535,4.84358893326683
307,0.8475079950224242,5.6021577578809785
308,0.8442727858170915,5.643503261081374
309,0.726135956028104,6.992678612844416
310,0.24590317907815762,12.616627777518488
311,0.934697216630542,4.263125369322143
312,0.3178497847314088,11.528504966905356
313,0.9140838227025047,4.636797569336571
314,0.07860263987118732,16.813126786549567
315,0.5039298035068907,9.299560322634163
316,0.3247387464546192,11.433734574349861
317,0.8982342670125297,4.892625497008663
318,0.8562299383470257,5.488807585388359
319,0.3269866076280651,11.403101888532442
320,0.029664946844234485,19.956695480033414
321,0.4202834768759244,10.233132608607082
322,0.9308835802620953,4.336675170901975
323,0.7600933260046374,6.627362708402305
324,0.9204894243619777,4.5264554575008855
325,0.9347709905501209,4.261679213035024
326,0.7019094038073065,7.247308557828175
327,0.03940909914595403,19.06786609974512
328,0.5488938419763923,8.823899752467124
329,0.5702060107501594,8.6024017110883
330,0.5406098966621561,8.910585548178476
331,0.134104106320178,14.94434620104633
332,0.8456244910786335,5.626272561861184
333,0.7855096852128635,6.344811582713655
334,0.4241455587167424,10.188135579773835
335,0.08942612018254081,16.37357642183317
336,0.7321002783735572,6.929320337745436
337,0.345288398898439,11.158698476637483
338,0.9810914070547899,3.014053195687397
339,0.9882851483199916,2.6627947984935965
340,0.08095670285007472,16.713168569147278
341,0.8060705108646588,6.1084544805992245
342,0.48247878842860137,9.531850372427499
343,0.44572879159795387,9.940500956378044
344,0.7742575811091995,6.471055856483985
345,0.20564751198981412,13.332946397124795
346,0.7873701232815747,6.323741818017704
347,0.853436532772796,5.525422280704901
348,0.7449252732886118,6.791993639189863
349,0.4970943345273354,9.373145062937766
350,0.0498823468817331,18.314646222563017
351,0.5362019101544256,8.956866976973243
352,0.3315428029808005,11.341437764511456
353,0.9801968819610654,3.0510551284568463
354,0.2783968555356393,12.100346182964511
355,0.3450816415820641,11.161411989814717
356,0.05216765597526962,18.169698317333616
357,0.6892902582631161,7.378537864963407
358,0.8240482396977775,5.894492346671921
359,0.9848539493461533,2.8443179092480095
360,0.09595492974972775,16.13057946287464
361,0.25981951618978827,12.389730733540157
362,0.3729393966605299,10.804643007276688
363,0.12174773881257339,15.292747105399677
364,0.36839777326997325,10.861651925480269
365,0.7861916524973781,6.3370949621357155
366,0.9787805202881888,3.1074694654750408
367,0.18632965338906216,13.716301670921743
368,0.9580301797687459,3.7472324215048096
369,0.52533869951979,9.071425907945935
370,0.3206421831979198,11.489926025939855
371,0.823792204768203,5.897594957495717
372,0.5286064324631143,9.036887534778648
373,0.5783672661444329,8.518065571019873
374,0.9516888601765884,3.9013188754702144
375,0.8496415569181819,5.574690137223383
376,0.23362588585742472,12.824924887135587
377,0.5693839017274012,8.610910436905574
378,0.97289766921832,3.3187365045058983
379,0.9482326945364723,3.9802689478751963
380,0.7322083771753013,6.9281692149440035
381,0.29282921638405823,11.884964241850867
382,0.9945217928707741,2.2042148692416603
383,0.9104587894551067,4.697323643715165
384,0.6340086908305417,7.947054394319254
385,0.6529571484222184,7.752918177056663
386,0.06789467378992797,17.304364447311112
387,0.09917327231397222,16.016071023331758
388,0.8225222403983509,5.9129590397663
389,0.9793350282119082,3.0856847063112443
390,0.30628903848954314,11.69071358369384
391,0.3190101289367626,11.512446430771474
392,0.5653299872999537,8.652906179698386
393,0.2417661148672915,12.685923277964285
394,0.07542456357104532,16.95237058333383
395,0.3939177072994706,10.546557837674438
396,0.22352422558332752,13.002640418449332
397,0.9430318538911809,4.093470402189556
398,0.9114685734748165,4.680594304931647
399,0.8845863836199767,5.097267566513576
400,0.0388582309362433,19.11238446603282
401,0.5413662858021183,8.902655006895632
402,0.4789971340581276,9.569950133774825
403,0.45948452887096514,9.785779021632466
404,0.13560232357533397,14.903970935231213
405,0.3250627782673736,11.429310156524545
406,0.29063208809977237,11.917261092432831
407,0.29731609985735286,11.819532837691918
408,0.6238361960022918,8.05119472591041
409,0.03335241207083317,19.59239256228007
410,0.6843920290859752,7.4292717172588105
411,0.9456367265159213,4.0375588786967835
412,0.9167809483520604,4.590888717037572
413,0.7417042719087782,6.826632545788166
414,0.35149573359174435,11.077711215768034
415,0.682093264590755,7.453046755810508
416,0.9448775670720695,4.054010705961094
417,0.046318084858385844,18.553244700624322
418,0.10662763035417555,15.762773981924086
419,0.7725274083889117,6.49029700001109
420,0.20658669271954078,13.315046878855066
421,0.25208265173380096,12.514728801817595
422,0.851612240580772,5.549172842430251
423,0.43751605983390696,10.033992772837948
424,0.5331295682723887,8.989192373863034
425,0.6926474144248509,7.343703681381285
426,0.3270587854955782,11.402120607132842
427,0.21150787718419717,13.222284177285426
428,0.36269798027465217,10.933810794423126
429,0.687878535795586,7.393170608603296
430,0.22167733417059332,13.035795490819572
431,0.7632697369833961,6.592541865636723
432,0.9885644269695133,2.646508706186643
433,0.570361884145833,8.600788727742014
434,0.7954849930326251,6.231132589441359
435,0.588474074780543,8.413919841599002
436,0.41151220909934927,10.336160216371281
437,0.5786776453854864,8.514862671613196
438,0.15545403807033198,14.401473416485235
439,0.3418104874103429,11.20448286273018
440,0.3073471109846475,11.675695850426646
441,0.16999272215560146,14.066214672373475
442,0.3028281515417708,11.740086309765626
443,0.15047668823795013,14.522200699503516
444,0.15824176468323614,14.335247191762694
445,0.9440429443250201,4.071947212450452
446,0.06428070242802542,17.485875436155673
447,0.39721053698737285,10.506783362845498
448,0.2845250242475674,12.007946475140802
449,0.45762976754545714,9.806510703911101
450,0.7957890785027841,6.227639015557106
451,0.7868813457325559,6.32928296631992
452,0.009930628160319754,23.22944229642516
453,0.7616827678920458,6.609954669670123
454,0.1790825827612228,13.868331458751971
455,0.22370426973627722,12.999419594459598
456,0.36077599439796293,10.95830068019972
457,0.7238620092554555,7.0167574151169045
458,0.3202880015906865,11.494806758687904
459,0.8412692684511519,5.681570694667106
460,0.5950999017579562,8.345792343585686
461,0.6143949447089225,8.147878238672323
462,0.8867484657418049,5.065666275484757
463,0.633852705492598,7.948651376417192
464,0.9202314676490212,4.530988657732519
465,0.5226340671234331,9.100065870034674
466,0.9276519689250853,4.397256415956333
467,0.6997838997094867,7.269470202944514
468,0.6204706277722416,8.085653680673216
469,0.810987581699643,6.050679030705362
470,0.7845274502591983,6.355912182653865
471,0.3280143674909024,11.389142673029127
472,0.4219241550693009,10.213990308692123
473,0.8330055516286254,5.784826128027667
474,0.7737501530520242,6.476703436102277
475,0.029361009455415643,19.98856712826143
476,0.8615828190910552,5.417769913217931
477,0.7163284146728096,7.09624772441587
478,0.3310832460978441,11.34763200656094
479,0.13015094691250562,15.052737287356813
480,0.2549611344351126,12.467896410011917
481,0.4158482477616938,10.285081596449988
482,0.5963282524342841,8.333173400944336
483,0.10754396143025835,15.732705035895364
484,0.3493907630356078,11.105071988012707
485,0.321866808543823,11.473078110887327
486,0.3619945931801871,10.942763972987516
487,0.666155394483311,7.617368151228967
488,0.8749271055664055,5.2351384070681934
489,0.2906250088605171,11.91736543129174
490,0.46899665814325586,9.680060761670477
491,0.5642544492768107,8.664059021928413
492,0.22618888497168266,12.955174292820802
493,0.1344095526475576,14.936084011177138
494,0.8656856181276043,5.362498535438305
495,0.46977203721655547,9.671486433684663
496,0.19798827016470977,13.481375957024877
497,0.3846625421755081,10.659393392309049
498,0.4747676161743497,9.616394756157106
499,0.6593926035856637,7.6868710258474096
500,0.846940450420882,5.609437150398213
501,0.6790449773538308,7.48454196174662
502,0.08626651248915918,16.496812566141337
503,0.6076849189655955,8.216640885805527
504,0.019782425011370508,21.193733955949288
505,0.7220905539793457,7.0354871723415755
506,0.25834040457012564,12.413412946826151
507,0.8639312311981733,5.386223617372958
508,0.9497084343337043,3.946949762682377
509,0.3901212661942737,10.592653947598993
510,0.8129529800502442,6.0274355774639785
511,0.46368320266325846,9.738991939971022
512,0.4844133607183452,9.510730796718116
513,0.6034623078451622,8.259943882885993
514,0.44985608081086614,9.893839055295203
515,0.5078113863742353,9.25794353875742
516,0.2544004794905852,12.476987317798475
517,0.11164802352347403,15.60068751392424
518,0.9932395236217555,2.320658042369793
519,0.6149039005688326,8.142664583044175
520,0.13756914881911841,14.851533817716653
521,0.17321965725633037,13.995003028932256
522,0.11585438672155302,15.469645737718485
523,0.25925210477064253,12.39880385654735
524,0.32505853938600215,11.429368016395523
525,0.9830032608685862,2.9309207441619907
526,0.01640159343298242,21.75517335790432
527,0.17249649596067052,14.010867248051131
528,0.13172474220452268,15.009256583634983
529,0.37703383624212516,10.753606641989592
530,0.8645502196652476,5.3778685359368765
531,0.1838237469306272,13.768324141697422
532,0.8997564535432184,4.868981686630714
533,0.18878631326174278,13.665843212515115
534,0.6743089494862197,7.53340821676915
535,0.007749466645261549,23.944355109598064
536,0.5559518315139461,8.750319792915827
537,0.16675499945758676,14.13878058050884
538,0.12950452360888176,15.07072565839606
539,0.07445792857500277,16.995756582452685
540,0.78945683623985,6.300039187050892
541,0.3556992524433109,11.023381728339361
542,0.8873187286969932,5.057283005283582
543,0.08536882625927145,16.5325498273097
544,0.017367067214525855,21.584495899192493
545,0.5795160230921799,8.506212737566356
546,0.29837166123272374,11.804240065425383
547,0.8895296700387906,5.0245850435825075
548,0.9913529218622982,2.4666446831548687
549,0.10815221146491993,15.712867639542203
550,0.7257226412107725,6.997058272890987
551,0.9535368607923179,3.8577298813845253
552,0.35046596403349595,11.09108330497952
553,0.7645263051103756,6.578731368713127
554,0.009876730071393447,23.245222466114082
555,0.704932179734413,7.215747280650704
556,0.9599938720949971,3.69670146134916
557,0.216039114197086,13.138349380851558
558,0.0992035604866427,16.015008842984304
559,0.9518462626147738,3.8976451495981053
560,0.36821966322673605,10.863896365819153
561,0.6159502510752211,8.131946688278964
562,0.1537516173780954,14.442401052911213
563,0.5595102109614631,8.713312596239735
564,0.4354237385054718,10.057952241220203
565,0.7568853902759467,6.66240216328986
566,0.44071036021430077,9.997526055040975
567,0.8637850399683216,5.388194427636498
568,0.19294683067885754,13.581572792814606
569,0.9418105131902313,4.119178043197304
570,0.7318062708140352,6.932450648820611
571,0.9667532231678625,3.5101323095066146
572,0.08265379741317136,16.64268948394475
573,0.7784181975039781,6.424604729834685
574,0.9326057767214303,4.3037486033571986
575,0.17539132323858753,13.947683629444663
576,0.18790529864630368,13.68387799148234
577,0.9782420549137096,3.1282722745397926
578,0.7973263595344202,6.20995079367694
579,0.16457320413657783,14.188332668467536
580,0.38969736668674027,10.597817015543376
581,0.07600800652505102,16.926422193914956
582,0.9482955715590674,3.9788607542611856
583,0.8328181153141294,5.787144143968913
584,0.5988394248009195,8.30738570684342
585,0.2374071229203658,12.759908636959098
586,0.6678190427531208,7.60025270480672
587,0.8907063696588379,5.007053060184519
588,0.3595441896154291,10.974038944154561
589,0.195995424165059,13.520738270449124
590,0.20916965770324358,13.266145910037038
591,0.6987659855014473,7.280074738607371
592,0.44160986290178084,9.987281178085723
593,0.7228000279375866,7.027988756172192
594,0.26373623433696913,12.32749455007303
595,0.2601055782717253,12.385162017500157
596,0.13797642191137782,14.840754496498398
597,0.5840430618118408,8.459542688952508
598,0.8015657005115224,6.160935476739371
599,0.7867229181439404,6.331078149988977
600,0.9522981882700468,3.8870576504275025
601,0.8978666890714591,4.89830841447097
602,0.23373801373050107,12.822985460648729
603,0.49378800590316796,9.408879828415383
604,0.9138654532873706,4.640481049675016
605,0.31217985306423324,11.60754874636733
606,0.3879143308406354,10.619570177293346
607,0.47077745899257006,9.660377685778075
608,0.0701648725634978,17.194718518559558
609,0.7658164981727091,6.564529839953896
610,0.8633377199173073,5.394218932617144
611,0.4889710981004054,9.461113189427087
612,0.9430037861140366,4.094064731088603
613,0.7419180178846281,6.824337135360649
614,0.8254185087481191,5.877858164744447
615,0.022926442095039357,20.74727098153096
616,0.690422848055885,7.366791867440418
617,0.9564510921902448,3.7868391455543158
618,0.673530523343137,7.5414327134540065
619,0.007290838469127925,24.11895222564021
620,0.16845740975705514,14.100483087174396
621,0.0017321030324261022,28.112127642829602
622,0.4555217922517554,9.830120882267957
623,0.16819335389100243,14.106402520719968
624,0.45182469726439245,9.871655907713563
625,0.28830765532428626,11.951616942312775
626,0.06279255372933656,17.563290418830473
627,0.5595901049881746,8.712482350293763
628,0.2788131789520758,12.094023155176512
629,0.6564342120111273,7.717242894317382
630,0.06619025618264263,17.38886118573087
631,0.846939494106564,5.609449406658225
632,0.04735242314189969,18.48232816855253
633,0.7599129972349912,6.62933573283987
634,0.7128090403878924,7.133242332189658
635,0.1416258115890041,14.745339947654346
636,0.5984440325814843,8.311445221395758
637,0.2721466774808301,12.19609983702294
638,0.35959628055215054,10.97337272045837
639,0.5843351516413248,8.456533574175735
640,0.8855265848347926,5.083560667995874
641,0.9935227520868501,2.2963668896689917
642,0.21084893846140118,13.234606466072865
643,0.9296112148234518,4.360710230122509
644,0.7426578442165,6.816388654235666
645,0.7148961043779503,7.111314032139832
646,0.3053792531891508,11.703655128470468
647,0.12572494741760631,15.177452536631826
648,0.8157168310037053,5.994598735271756
649,0.2969654924386549,11.824620737795744
650,0.9240548282090528,4.462969148218605
651,0.5206372765436968,9.121242130267909
652,0.7461128656212286,6.7791953962561795
653,0.7672536356538411,6.548684834404947
654,0.8640377016837755,5.384787690884391
655,0.6640665834827137,7.638847257713437
656,0.9275342176351116,4.3994354200591665
657,0.25692908087832644,12.436103128108595
658,0.39012591559399046,10.592597336310266
659,0.8126201192329137,6.031378285471831
660,0.10607447405795434,15.781033854410094
661,0.39563324548058554,10.525811964272181
662,0.4016116499961593,10.453914404076459
663,0.4808070098892554,9.550129947234373
664,0.6006243361934942,8.28906365664531
665,0.08846506515190466,16.410650522406204
666,0.1257555234618709,15.176578269726082
667,0.06194427124571944,17.608159797017723
668,0.9628196201829482,3.6212642321420634
669,0.8648932455061349,5.373231052855294
670,0.17671108482893694,13.919158394467923
671,0.06784653262635787,17.306724860227938
672,0.452036237178729,9.869274973719323
673,0.5454169942842259,8.86023794658589
674,0.3224110091748331,11.465604986725634
675,0.42491300513077634,10.179220027387633
676,0.7573606167230704,6.657219251233428
677,0.4750289185318691,9.61352016179593
678,0.770461078037139,6.513220309819936
679,0.8556872809493516,5.495944332004972
680,0.5729709892069075,8.57380292227224
681,0.7501488417675294,6.735589512623137
682,0.739739197467221,6.847714352039474
683,0.7071070804628309,7.193005407580618
684,0.493417570777275,9.412889411594412
685,0.6112887843088752,8.179702869518081
686,0.9881141107034361,2.6726389999932074
687,0.6384101114161376,7.901988061621302
688,0.8279378973317341,5.84714305825411
689,0.8360137822611571,5.747480999481126
690,0.8850295373849144,5.090813655539584
691,0.907160435237667,4.7512969364506565
692,0.014340257376030507,22.153741538001103
693,0.2211158004836571,13.045918242534276
694,0.10137258967325835,15.939666527520043
695,0.07653966228497089,16.9029306408813
696,0.928393944589195,4.383481039235608
697,0.6478609921999773,7.805169854651982
698,0.607897273998609,8.214463871713816
699,0.12214079740733053,15.281211057080668
700,0.5904131703826042,8.393970824044473
701,0.17220589133478148,14.01725756680881
702,0.1865916781031547,13.710894528801013
703,0.5763078410820469,8.539325407306734
704,0.8953864579984674,4.936390410936854
705,0.12680025966208286,15.14681390802465
706,0.764022092461907,6.584275453521418
707,0.8847001657067906,5.095611623487702
708,0.7048253876991721,7.216863221762662
709,0.9505728320773056,3.927166002268456
710,0.646031572763933,7.823918376342703
711,0.4283491373574747,10.139405525207337
712,0.12256896420110253,15.268680576820119
713,0.4402300286777536,10.00300108115005
714,0.19416521038654844,13.557169060176642
715,0.22470426728819626,12.981566755970341
716,0.7883373167431299,6.31276496404309
717,0.2591391499914071,12.4006117896872
718,0.8793457054196698,5.172715377902876
719,0.02157296167199374,20.93197113156257
720,0.023067908634755163,20.728558342844245
721,0.9623335790130091,3.6344835234043367
722,0.7450381061306699,6.7907783102978945
723,0.8094604496640672,6.068679440002374
724,0.6328322430229567,7.959098707233268
725,0.768523879306401,6.534656711301164
726,0.6333753347915232,7.953538660452126
727,0.9767742668087654,3.1833338528652266
728,0.6874830369474578,7.397268436353357
729,0.12965931186307655,15.066411368748524
730,0.2916240992719127,11.902657776194024
731,0.7150147377830306,7.110066683259594
732,0.35012467934344005,11.095520562197006
733,0.7876976740022574,6.320026180175661
734,0.6955682940023592,7.313352282759911
735,0.09018476326767744,16.34455691289939
736,0.070419584836798,17.18261494176858
737,0.3971426341500104,10.507601658506827
738,0.6683523352458747,7.594764630841516
739,0.04093879837136993,18.947174560054027
740,0.4325864068580829,10.090537136870516
741,0.6760802509406159,7.5151410563981065
742,0.7563525323945796,6.668210410446993
743,0.31917516152090686,11.510165664055046
744,0.6886665074205165,7.385004246885045
745,0.8632553790349928,5.3953269437296525
746,0.05263394100271013,18.14083361088925
747,0.4163856061489335,10.278771743044066
748,0.7057443684253191,7.207257957042238
749,0.32923952590602823,11.372540140615099
750,0.24899999889397595,12.56532570038028
751,0.1245174682191541,15.2121236473979
752,0.5378498138488292,8.939551768259863
753,0.7018484194636081,7.2479447648413124
754,0.9411028832816666,4.133931269677623
755,0.9060692139250678,4.768934976278473
756,0.2252212021206348,12.972361909398149
757,0.7077395519554501,7.186386554000406
758,0.9418210553049344,4.118957477784358
759,0.6797460630979268,7.477301379457869
760,0.9212559465159831,4.512938200599766
761,0.7711630493941511,6.505439611164605
762,0.04815328641142391,18.428382591798332
763,0.03247703592189255,19.675370923215805
764,0.9808456184229105,3.024332613314674
765,0.5093837951430844,9.241118418374722
766,0.00032650117905919096,32.53077623912637
767,0.5683520360156964,8.621593758241639
768,0.5438975713282452,8.876138166013373
769,0.6317468335240641,7.9702106491757245
770,0.2652175427551995,12.304133132032927
771,0.48421124352747436,9.512935630780643
772,0.8246607182209659,5.887063391412748
773,0.431620734688968,10.101652315493823
774,0.5141703111865185,9.190017407740376
775,0.9379541077984136,4.198382515318352
776,0.21259408497432308,13.20203707570607
777,0.009046243264411502,23.499317718795556
778,0.07009999164705161,17.197807838994603
779,0.6819008892520884,7.455035449744863
780,0.6513607133947833,7.769290906809901
781,0.8581867377986478,5.462975235771545
782,0.6704844204304798,7.572815352176428
783,0.13787003108828422,14.843567764812244
784,0.5848437817813257,8.451294239556377
785,0.13134731582220982,15.019643870012573
786,0.8168170731342536,5.981476811613334
787,0.2654817650712704,12.299976157816415
788,0.8815469116152231,5.14121853427399
789,0.34604805283883766,11.148737601658388
790,0.2083548925095462,13.281519823064349
791,0.8760887035318032,5.218829008969313
792,0.8306566677983221,5.81380107099766
793,0.7490812285157883,6.747141395878639
794,0.027437786283358356,20.197641659739485
795,0.8353056615411214,5.756296226726227
796,0.24741272719292995,12.59156057877422
797,0.6009556041468957,8.285663857781541
798,0.47008968750205615,9.66797561569223
799,0.8220875347440926,5.918208550258566
800,0.22481412956891345,12.979609123175557
801,0.6421866043222412,7.863310564673629
802,0.9782719844747475,3.1271248262630014
803,0.9704921519507209,3.3966313529951373
804,0.8070150568406583,6.09739675881967
805,0.912633352644603,4.661172995842189
806,0.6497704223847838,7.785596668008321
807,0.8417526706341896,5.67546402498526
808,0.24344820080035934,12.65764186904598
809,0.8314015852239574,5.804629268902708
810,0.209956833460753,13.251337010631126
811,0.0837976377252414,16.59590429264596
812,0.5177562525319281,9.151844590933413
813,0.5594001380191413,8.714456502872288
814,0.28761336535620674,11.961916676037339
815,0.5638925262138089,8.667813068672826
816,0.8642014766305288,5.382577943121917
817,0.16720389506715794,14.128651301961078
818,0.6171507886706737,8.119650579942679
819,0.08315901518108981,16.62195511824604
820,0.6542671099574188,7.739480285863922
821,0.5328932449285915,8.991681192350564
822,0.2277474565569505,12.927609711577874
823,0.8301587248615716,5.819923183892408
824,0.7327166391891643,6.922755456604645
825,0.7559920812688307,6.672137482402635
826,0.3716558313657007,10.820712025926742
827,0.09791269130244062,16.060531044675546
828,0.016042685644709564,21.82104316628619
829,0.43431352442711546,10.070689314349206
830,0.6874504519230715,7.397606024508566
831,0.7290634987209446,6.961617107531242
832,0.09918286786668096,16.015734484938452
833,0.8646851269804448,5.376045304265611
834,0.3076397434852689,11.671548639728837
835,0.7857842018226836,6.341706299055396
836,0.07056579031146537,17.175685102768163
837,0.23091626246185293,12.872008913594936
838,0.9309810630956575,4.334823649682273
839,0.0997269111118444,15.996699812445083
840,0.8688606535752714,5.319205147589903
841,0.7959807952213622,6.225435529863888
842,0.86425364237171,5.381873842997653
843,0.11868853488553466,15.383636457517047
844,0.9677213861938625,3.481542254054466
845,0.00428991482466301,25.617656627197036
846,0.7792959802546386,6.414771181465458
847,0.08409111003533787,16.583991610690642
848,0.34202786690654596,11.201612439378419
849,0.6671069443217396,7.607579624833763
850,0.8090248365670358,6.073804576781492
851,0.7604669260526,6.623273768118021
852,0.5274845569459035,9.048737407525424
853,0.22331842540056046,13.006324440012545
854,0.25087340909614686,12.534521430042101
855,0.30478569725106663,11.712112666065549
856,0.6967921728844435,7.300621983896293
857,0.7341177925263727,6.907819197336667
858,0.805083060547829,6.1199942768019575
859,0.8261490514443027,5.868969425894016
860,0.08080577309949144,16.719499647594613
861,0.8067204598108015,6.100847622639286
862,0.3392318643129637,11.238623115821184
863,0.2544201359959952,12.476668340672674
864,0.19449072748026364,13.550669684984056
865,0.31870795418703557,11.516624573923982
866,0.7517881643194064,6.717827104108295
867,0.7368947669619157,6.878164230293667
868,0.2968885944092339,11.82573721671927
869,0.2790113633930984,12.091015549989912
870,0.8676945424310449,5.335160051591051
871,0.16236603550177842,14.239011893333428
872,0.9782097937817024,3.1295079642383974
873,0.7929097765984194,6.260649890219609
874,0.32313639088911406,11.455656933114701
875,0.6125250799613858,8.167034992521959
876,0.5643860917200788,8.66269369485212
877,0.7946471306674414,6.240749673823746
878,0.33604047539504966,11.281110235301442
879,0.8041983465376108,6.130316100776341
880,0.21781832224971998,13.105765822205312
881,0.992053067881366,2.415321485850981
882,0.8339751667102131,5.7728184576648545
883,0.10841424558641954,15.704351372950217
884,0.768363055539552,6.536434007306942
885,0.9518758199984283,3.896954496695593
886,0.43602132566283625,10.05110321622686
887,0.4625927370078101,9.751124377212353
888,0.9128218285169474,4.658017682780491
889,0.3930343049307363,10.557261037261657
890,0.2893400511181121,11.93633378264757
891,0.6758041011910515,7.517989643874768
892,0.12435818132339882,15.216718685276286
893,0.6631518769094175,7.64824965276486
894,0.013244580363621306,22.388203947385225
895,0.3569403446142455,11.007418234475603
896,0.5974471477329387,8.321681674723118
897,0.3925931368739639,10.562611374091164
898,0.5012508544845811,9.328353489512622
899,0.46020867435186885,9.777695504395048
900,0.030534532315126706,19.86715313327033
901,0.47171069175477665,9.650076025863491
902,0.027928121548004725,20.14307427587514
903,0.8903913955848828,5.0117549243826724
904,0.7947405879686582,6.239677607143244
905,0.6042472498336006,8.251892190356006
906,0.18863431639800166,13.668949846663692
907,0.27016445678042866,12.22679902358597
908,0.5236442026281467,9.089363577087553
909,0.7859718398662723,6.339583045036697
910,0.0994994193053651,16.004648144977303
911,0.15277400508007677,14.466073578495786
912,0.6025404016916419,8.269401816615993
913,0.08421067141120053,16.57914886447861
914,0.9212854655435964,4.512416235347225
915,0.9983891519466839,1.649537146715602
916,0.9858283104615839,2.795857109544486
917,0.8092170359430337,6.071543799800897
918,0.7769459251262885,6.441071648502483
919,0.9820342985732263,2.973783642645993
920,0.9282600502341749,4.385972675556638
921,0.9351408117165051,4.254415908428723
922,0.8205859603470591,5.936304487265009
923,0.43060158105553437,10.113397039159526
924,0.512386645828083,9.209039787046628
925,0.11236977625992595,15.577904254946548
926,0.39882466723725263,10.487354950170918
927,0.02228974807189754,20.832848930157983
928,0.3391382060209711,11.239866284111004
929,0.4243877039222117,10.185321618181078
930,0.11984837730843823,15.348944345040573
931,0.04873389105612058,18.38978210624068
932,0.02951956870089978,19.97190222169842
933,0.6101189494097399,8.19169136843169
934,0.3601123187832713,10.966776028491646
935,0.43878721768269413,10.019464959865322
936,0.5216315619223522,9.110694169684889
937,0.41261329572547356,10.323161637015106
938,0.3735175106136841,10.797416509905743
939,0.35698890929571225,11.00679428146649
940,0.6098231145649339,8.194723354090497
941,0.9107689360637539,4.6921958692007815
942,0.8091430156799444,6.07241457144101
943,0.5525540301832044,8.785711823679177
944,0.38516022819691575,10.653285671087982
945,0.27483150760581054,12.154775838209332
946,0.39894385690937173,10.485922104960881
947,0.06062333937474507,17.679142464652188
948,0.07831415084817295,16.825558418181192
949,0.8303038708830363,5.818139367371847
950,0.4309554495042034,10.109317429802145
951,0.7312877559506172,6.937969462386335
952,0.933905806150619,4.278581774142227
953,0.9027393003023363,4.822119762574789
954,0.727444175688737,6.978807012554297
955,0.8582800949356812,5.461738934922601
956,0.17027111062267852,14.060028050884823
957,0.2649590331206435,12.308203156619545
958,0.25063909898875414,12.538364771196308
959,0.18406952428709666,13.76319671870558
960,0.306718920264349,11.684607775632745
961,0.8126630628032914,6.030869765196161
962,0.018554814066222725,21.38636729943141
963,0.4383025872494386,10.025001190654942
964,0.3688449757686164,10.856019459018139
965,0.08194007227708766,16.672172674316837
966,0.708226898743537,7.1812847484538915
967,0.8383881263840907,5.7178112449024425
968,0.5524744330797159,8.786541582369605
969,0.5188696674980231,9.140010897952724
970,0.5769378230696438,8.532820492524106
971,0.9630645483051247,3.614562499838982
972,0.4793068998753165,9.56655557093536
973,0.14674176458475907,14.614989919714306
974,0.8305130473595852,5.8155675788135675
975,0.4864087113075616,9.488984753276387
976,0.6024744606663233,8.270078367894282
977,0.7869731757100269,6.328242222557155
978,0.7604502028929682,6.623456835184475
979,0.21442024661246606,13.168177997613265
980,0.14778234018255465,14.588942435983311
981,0.10593164939080957,15.785761922335602
982,0.8667364589975526,5.348221256565034
983,0.6885845664260245,7.385853593722366
984,0.9586934894024756,3.730327097333514
985,0.9852018191714846,2.8272624321178634
986,0.27261529417228303,12.188865905884374
987,0.09519779929765848,16.158004278198735
988,0.3899704190742931,10.594490881407085
989,0.6809800017290147,7.464553199144165
990,0.5561256894291106,8.748510324723501
991,0.36738428030633663,10.874432256844548
992,0.8016959016713063,6.159424462491824
993,0.023218267922900493,20.708786564115357
994,0.7528876189809888,6.705897419014555
995,0.13286442522756414,14.97804291021031
996,0.21894990307126505,13.08514972406201
997,0.6525287905753773,7.757311739737069
998,0.5928066317332387,8.369360207360003
999,0.8752334772935506,5.230843640795359
1000,0.8559403092047808,5.492618083227786
1001,0.709125130235901,7.171877686354376
1002,0.7885110396194717,6.3107916485013495
1003,0.615965071640544,8.131794886305237
1004,0.3179655317337424,11.526901319935412
1005,0.29732126512260093,11.8194579123181
1006,0.2989759035034485,11.79550285584773
1007,0.5948225405569124,8.3486421493829
1008,0.8735256193273326,5.254722966352913
1009,0.03185011092233547,19.73607889787742
1010,0.10784607095619547,15.722839990373815
1011,0.6612782748907752,7.667502383882978
1012,0.5605349975672398,8.70266530673351
1013,0.623449641670311,8.055152290080828
1014,0.8326960342309402,5.788653362540446
1015,0.8096569910632253,6.066365695205169
1016,0.5920327310501212,8.37731628975132
1017,0.9136697368850332,4.643778247751559
1018,0.831074862443208,5.8086539991378725
1019,0.5868976727958061,8.430144737720944
1020,0.031587903492374614,19.761798115653075
1021,0.6273147629701743,8.015582749379291
1022,0.1630093940982078,14.224181534374228
1023,0.30445747264617806,11.716794386571896
1024,0.9199322562232031,4.536237012934271
1025,0.9401564092512692,4.153506461415274
1026,0.39670070188750284,10.512929328870039
1027,0.5096176980518858,9.238617234514651
1028,0.4078415985235495,10.379631524710483
1029,0.1477626090970684,14.589434917236582
1030,0.44777403888734013,9.91735169426858
1031,0.2666665942174393,12.281372424870542
1032,0.870629362465951,5.294882118481744
1033,0.023656428124405937,20.65184439700041
1034,0.031714299149070646,19.749375741678236
1035,0.6700425907939449,7.577364968701147
1036,0.5581893627966134,8.727042752445048
1037,0.5222252673180898,9.10439903167436
1038,0.5545799889012264,8.76460252677671
1039,0.6256745098250813,8.032374585367048
1040,0.7362957835830577,6.884566693328259
1041,0.9723710801401505,3.3361519480176476
1042,0.6051732184131321,8.242395160169625
1043,0.8334093820285623,5.779828476123944
1044,0.0791327163146095,16.790389651961597
1045,0.8797532122428523,5.166904954512505
1046,0.6710048687983196,7.567455431862605
1047,0.3355688860571009,11.287410790577074
1048,0.4569145190929562,9.81451599556598
1049,0.7314366402768334,6.936385051060343
1050,0.5864025095693328,8.435242510772067
1051,0.32068690397965893,11.489310016883113
1052,0.2698357698352777,12.231905248578647
1053,0.15076980624600922,14.51499993357665
1054,0.7998138920609589,6.18123269319209
1055,0.3145226136476611,11.57477168111158
1056,0.31416715692069364,11.579734111225243
1057,0.7127689012829481,7.133663775654313
1058,0.49437670659013233,9.402510216918264
1059,0.5048480829928369,9.289704086996245
1060,0.8761685112492419,5.21770587088019
1061,0.33838826980909853,11.249828567440955
1062,0.9766696524168784,3.1871713309536465
1063,0.8718437955462683,5.278093595122882
1064,0.8892861612755669,5.028201784361351
1065,0.7867902050417857,6.330315756803968
1066,0.058432834642532905,17.79998347592067
1067,0.31175420227511363,11.613521868577285
1068,0.029387870532012195,19.985738108672727
1069,0.2291378489184216,12.903141148764993
1070,0.6775427001756046,7.500050943526313
1071,0.09584292434351949,16.134624593303528
1072,0.5544791887507713,8.765652341603108
1073,0.5032081617153685,9.307310736388395
1074,0.8562246280321741,5.4888774802769245
1075,0.6703348646898232,7.574355425425318
1076,0.9194548584454048,4.54458916479207
1077,0.27306513547075006,12.18193025492808
1078,0.041954122648878656,18.8693301619154
1079,0.48577779443492464,9.495856678881982
1080,0.9005527350179625,4.8565413716906844
1081,0.8803872648034233,5.157845879954929
1082,0.4527834910078574,9.86086873858151
1083,0.4507284294617995,9.884003301293681
1084,0.8112235402654681,6.047893125929219
1085,0.17633699369063227,13.9272263988963
1086,0.2795220983748372,12.08327178818831
1087,0.709085287185855,7.1722950652835245
1088,0.9820850068618389,2.9715789081494144
1089,0.6176561371891374,8.114475054905768
1090,0.4087172494753526,10.369241550054523
1091,0.18361193186496183,13.772747463742572
1092,0.9214485023419237,4.509531465614744
1093,0.15646308781458806,14.377389656507784
1094,0.2511127012674006,12.530599124818924
1095,0.14401305385364271,14.68403366532804
1096,0.6652806051418209,7.626364923615797
1097,0.02430111826066217,20.56982705260957
1098,0.9735179283277111,3.297944830789332
1099,0.1935778840288015,13.568917751905808
1100,0.7195734575692583,7.062059496465333
1101,0.7997190577563532,6.182329749448358
1102,0.18376197035432873,13.769613795053674
1103,0.9092108363302649,4.717863860407246
1104,0.47032857814618856,9.665335986137633
1105,0.7732851626239692,6.481875401072645
1106,0.26381081163283615,12.32631611654158
1107,0.7138584941645273,7.122219666996481
1108,0.6785969118021719,7.489168487859109
1109,0.042612242915129106,18.819789308974162
1110,0.7432027719952389,6.810530599460475
1111,0.2493953463084192,12.558810706980013
1112,0.039467431419311416,19.0631855025261
1113,0.9256750230850468,4.433586374258615
1114,0.2952176689713344,11.850047298827349
1115,0.5621533592839817,8.685860202773043
1116,0.17099431840588641,14.043994647588939
1117,0.9578592268455347,3.7515631708313206
1118,0.35030916724071326,11.093121577972752
1119,0.06710268061499336,17.343388529515
1120,0.9532014540342244,3.86571664747421
1121,0.02588653144110875,20.376454211320606
1122,0.21978640972336383,13.069962464433146
1123,0.7880302508238062,6.31625164939277
1124,0.16768900316582336,14.117729852604654
1125,0.9650009504462486,3.5605889370359627
1126,0.9341673321153338,4.273485644263178
1127,0.203350420393968,13.376998061783897
1128,0.2019857485204335,13.403354327757015
1129,0.7946197978194419,6.241063183560808
1130,0.1234202376962914,15.243878141065899
1131,0.10130168959672614,15.942107020664915
1132,0.0015830179228789598,28.355622179178177
1133,0.3185083214839577,11.519386340025404
1134,0.5104750046229822,9.229453413370381
1135,0.0808968902922722,16.71567628778155
1136,0.6038161221918007,8.256314440130682
1137,0.9348570490154248,4.259991088476831
1138,0.2763666353743691,12.13127828187208
1139,0.5554369520826777,8.755679349582435
1140,0.7112912293691716,7.149171246625706
1141,0.9979491537838623,1.7446363204143034
1142,0.8426821742774875,5.663700365908858
1143,0.5941695807426586,8.355351793820866
1144,0.6306792247893537,7.981140129194742
1145,0.40753740258814,10.383243836071044
1146,0.2688360678636945,12.247463635804069
1147,0.8506754167584843,5.561321056389914
1148,0.3086450050850822,11.657322554071435
1149,0.7065168617091155,7.199179867214189
1150,0.21908744999579288,13.08264940180395
1151,0.4556901474462136,9.828233335197243
1152,0.8533808227502265,5.526149436560806
1153,0.0702713094990065,17.189656018352963
1154,0.12962742621899648,15.067299734951408
1155,0.7647448529147798,6.576327289079615
1156,0.8853416194037343,5.086261470080677
1157,0.8333496459523984,5.780568049174314
1158,0.2561906800046706,12.448011243206519
1159,0.19410325072224166,13.558407147245829
1160,0.15282723670156662,14.464781367325768
1161,0.8744784750709061,5.241418606718802
1162,0.7427375702969564,6.815531773453542
1163,0.5554305903753656,8.755745578513343
1164,0.029521140572413174,19.971737430778695
1165,0.18171840144975038,13.812473411630686
1166,0.19116916857269461,13.61739982770183
1167,0.644436411281394,7.840262899056964
1168,0.6595001096134443,7.685766989473669
1169,0.568999550369692,8.614889304660114
1170,0.6707443445058403,7.570138584693687
1171,0.5609893560077637,8.697946098195034
1172,0.15568599781088877,14.395925644312465
1173,0.05502210958859666,17.99653557236864
1174,0.4794539835953451,9.564944087166614
1175,0.5412869840124788,8.903486315274806
1176,0.07935247739273854,16.781002754075995
1177,0.05721899406952491,17.868716939005147
1178,0.0039811607703869045,25.826160441095773
1179,0.5675161219564131,8.630251327720371
1180,0.7356320344311291,6.891657554481126
1181,0.7415958992051006,6.827796183360905
1182,0.022829645675489063,20.76013709429029
1183,0.8752317737434774,5.230867534916493
1184,0.4630823790925638,9.745675026432785
1185,0.6808138276588155,7.466270328374795
1186,0.04971019623546935,18.325807992918875
1187,0.6946095468444791,7.323319468083254
1188,0.8911641437391099,5.000207702798413
1189,0.038101092428057926,19.174528397879243
1190,0.2776956206920417,12.111011723749604
1191,0.6831992744483646,7.441610465377038
1192,0.20288227630100875,13.386023707929906
1193,0.11281316985026724,15.563970199850413
1194,0.5769770423612216,8.532415575337907
1195,0.7088692643104786,7.174557854663366
1196,0.09451812779803093,16.182786138665527
1197,0.5499837888150615,8.812520993905688
1198,0.6338030402177175,7.949159849099977
1199,0.9259422771269881,4.428706233411129
1200,0.5259762998130382,9.064681306807303
1201,0.04481680770339702,18.658790197462615
1202,0.23926384391606936,12.728270106819767
1203,0.47780853658513567,9.582984150149983
1204,0.29935381137123795,11.790044629118126
1205,0.16551581210052135,14.166858935708033
1206,0.03196451840818326,19.724918322631616
1207,0.5375419559487287,8.942785354782766
1208,0.23901596422743698,12.732483221813677
1209,0.42932211657964436,10.128162025755811
1210,0.807035203430224,6.0971606969634795
1211,0.8736206776042929,5.253397784016095
1212,0.5640970633890788,8.665691440421526
1213,0.18162296795956978,13.814484395477866
1214,0.19416554512081208,13.557162372320835
1215,0.5545334393416105,8.765087325808038
1216,0.1283116182715448,15.104121972499916
1217,0.4734440293183483,9.63096627049971
1218,0.2044270925687809,13.356302108244286
1219,0.658931598877792,7.691605047173435
1220,0.7473721005018384,6.76560895504899
1221,0.196211654774348,13.516452017718692
1222,0.9568684622253101,3.7764559134804876
1223,0.652668495871508,7.755878849807747
1224,0.3545950975836307,11.03761330304459
1225,0.07401739881454872,17.01569551230412
1226,0.3132246134007046,11.59291116057065
1227,0.5071486112987863,9.265041131029133
1228,0.6979661024405841,7.288403941825965
1229,0.3629715647553531,10.930331333477337
1230,0.8491976475473657,5.580418504811213
1231,0.3615046934780721,10.94900611452908
1232,0.3550153852890272,11.032192887527858
1233,0.1332244467579642,14.968229640124875
1234,0.08902194257037555,16.389125317416298
1235,0.5489489772867284,8.823324009778267
1236,0.5605340471131661,8.702675179595758
1237,0.1426020519289577,14.720165578696808
1238,0.16563400994928723,14.164173319674557
1239,0.6501709374604253,7.781490415275436
1240,0.8355915369940647,5.752739258204916
1241,0.06776926288656326,17.31051661327742
1242,0.7974835619817973,6.208139460753601
1243,0.313328640927409,11.59145550322363
1244,0.9797257969959411,3.070102757378909
1245,0.6018952246693416,8.276021620454188
1246,0.45297915716329606,9.858668693413867
1247,0.9558924558887011,3.8006436194191817
1248,0.6382518789862716,7.9036083934989305
1249,0.9390921571456808,4.175307776570314
1250,0.13890119987339622,14.81637729299437
1251,0.7053471282789233,7.211410563471325
1252,0.4080376512369859,10.377304201171137
1253,0.967034773277715,3.501872181634998
1254,0.6396107894932109,7.889692326757691
1255,0.4265334238316856,10.160423223706305
1256,0.09406085045372892,16.199546957832585
1257,0.4070410418243495,10.389141313097204
1258,0.9423598572610673,4.10765380803797
1259,0.9135148450039825,4.64638490030989
1260,0.012856085105670045,22.475764073586614
1261,0.5933871429504068,8.363393182741126
1262,0.6506717570482901,7.776355463907297
1263,0.6158651317819454,8.132818539668573
1264,0.6609310573715135,7.671069419344817
1265,0.37693509761425203,10.75483346481139
1266,0.9154441872372711,4.613738935295882
1267,0.599647754085043,8.29908748826554
1268,0.9250128046472444,4.445637622426374
1269,0.05658185336411936,17.905323600803765
1270,0.648159774652055,7.802107423623173
1271,0.10879375486180398,15.692048547089357
1272,0.48601899917124924,9.493229046500742
1273,0.541475389359015,8.901511348454347
1274,0.5208390087309943,9.119101486074053
1275,0.7135884013326019,7.125057228261329
1276,0.4206749755579846,10.228561249174822
1277,0.9716162828508806,3.360751155364915
1278,0.7965779019168886,6.218568274141115
1279,0.3601011414758577,10.966918849426353
1280,0.2264242995847261,12.951001482141569
1281,0.41407765397943075,10.305903942066703
1282,0.9768172753053249,3.1817529738005166
1283,0.6127483910680216,8.16474698243025
1284,0.945852294645291,4.032863012360324
1285,0.35468588442670035,11.036442090492567
1286,0.6567348195804519,7.71415755611886
1287,0.9794501701546189,3.0811135368026967
1288,0.8632569565678843,5.395305718614877
1289,0.3111887402362692,11.621465546047965
1290,0.7387131557576052,6.858707089703289
1291,0.669877559839126,7.5790641801679195
1292,0.3473696806875932,11.131441212760365
1293,0.2045397967803687,13.354140651876122
1294,0.9900346152508079,2.55597906598345
1295,0.3372924601177294,11.264411328543057
1296,0.0932718119966579,16.228636267137215
1297,0.35969185273513116,10.972150544149473
1298,0.6126584889067165,8.165668099288645
1299,0.9699752236935371,3.4128414683508206
1300,0.21215525286815407,13.210207250441265
1301,0.6007256955931689,8.288023385100331
1302,0.6632182655620897,7.647567303744984
1303,0.5166935145535251,9.16314789911409
1304,0.0282247508200123,20.11049422360622
1305,0.7006351654631291,7.260597458475116
1306,0.4801621950706949,9.557187725443825
1307,0.1011422421062641,15.947600882629976
1308,0.5173347188454911,9.156327068073741
1309,0.7034114198329318,7.231632388419869
1310,0.7863486768422763,6.335317089232415
1311,0.6303642295906111,7.9843648133877725
1312,0.5857550730167681,8.441908971240558
1313,0.5779264444697252,8.522615082927675
1314,0.9567030007744727,3.780579421995826
1315,0.20945402780494948,13.26079112186883
1316,0.832070934203571,5.79637431548267
1317,0.15678530486242748,14.369726088607415
1318,0.6272207361449241,8.016545324142088
1319,0.19707793868443046,13.499317500080851
1320,0.22341638870963876,13.004570476707084
1321,0.5344270362222557,8.975534252796553
1322,0.4483263537254356,9.911109177718432
1323,0.38079065584629745,10.707070326222196
1324,0.314657420457236,11.572890675957202
1325,0.48328647551380366,9.523028580442972
1326,0.508268005913546,9.253055637030561
1327,0.5933730232724491,8.363538308462985
1328,0.27691230812742973,12.122948513072119
1329,0.938829272240524,4.18065954798512
1330,0.696637667351227,7.3022295136676405
1331,0.19192276825540233,13.602179483959787
1332,0.48989784442625994,9.451047597756661
1333,0.6444978155043866,7.839633784393369
1334,0.37015014280890124,10.839604823114579
1335,0.6183336962970217,8.107536130713179
1336,0.07454997634214844,16.991603644379015
1337,0.40820516607536694,10.375316139519793
1338,0.7446632917578369,6.7948149508272
1339,0.40195826008969826,10.449764676212258
1340,0.6027291529993641,8.267465279774713
1341,0.8715686110996066,5.281904139231943
1342,0.5705053505011481,8.599304213191088
1343,0.6020636292061968,8.274293645046296
1344,0.6400110435890835,7.885593232013624
1345,0.08868824972520473,16.402009426136754
1346,0.514076760411371,9.19101452037796
1347,0.3054112830380842,11.703199059214256
1348,0.03464345167167793,19.473612703425037
1349,0.3128554712705629,11.59807921911122
1350,0.6992998701589543,7.274513476934124
1351,0.15414244920082754,14.432972078538548
1352,0.4332992541326194,10.082340255136891
1353,0.7887178391094646,6.308441936500602
1354,0.34606598790493637,11.14850259951143
1355,0.2477981346094209,12.58517892735068
1356,0.7422586754873728,6.820677886742659
1357,0.6150113326659976,8.141564097982176
1358,0.47351458552820935,9.630189056739964
1359,0.49618046390026616,9.383012728888131
1360,0.3296963760582249,11.366359665413594
1361,0.14475269333641505,14.665211605777356
1362,0.9370474151202238,4.216595208173647
1363,0.1198383690041025,15.349242473950206
1364,0.7077988154646468,7.185766230938182
1365,0.216157453942606,13.136175715672433
1366,0.6868332697113908,7.403999297594065
1367,0.18830337247707618,13.675720876094271
1368,0.5244789384753583,9.08052480657543
1369,0.15140908411745602,14.499335608981102
1370,0.2157310311551388,13.14401259015058
1371,0.9571676983088031,3.7689743256697077
1372,0.4846573496977702,9.508069710449403
1373,0.26986635826223226,12.231429860211978
1374,0.9574320572087545,3.762338510786007
1375,0.14363719963719668,14.693629236336593
1376,0.5963608851500062,8.332838206416737
1377,0.22564044255890037,12.96490857453685
1378,0.10339708243273282,15.870598042153771
1379,0.3290495234170596,11.375112248250714
1380,0.4079835159405659,10.377946774221323
1381,0.1441310956750812,14.68102437345646
1382,0.14782886640105686,14.587781374018594
1383,0.33848479653513786,11.248545486148242
1384,0.4641299297039174,9.734025485564263
1385,0.9849357875314784,2.840329260748578
1386,0.7369953016980211,6.877089299201571
1387,0.8118417668353239,6.040587924982911
1388,0.872469682846173,5.2694128058578045
1389,0.32983659293557865,11.364463882430726
1390,0.62186616868469,8.071364573044143
1391,0.18371901636962495,13.770510711709974
1392,0.3953290400525532,10.529486923747637
1393,0.8165235915614737,5.984979820950718
1394,0.19069638373086428,13.62697303911483
1395,0.8787307730530122,5.181465952017422
1396,0.5355650044496221,8.963563488880085
1397,0.7175035606704079,7.083875706722749
1398,0.07682140806265758,16.890540200405074
1399,0.21724720720472013,13.116202388908093
1400,0.19797519658006701,13.481633158805034
1401,0.09275857055841241,16.247673614323585
1402,0.34148408383699125,11.208795126707072
1403,0.17683707915773494,13.916444194517279
1404,0.8051408768223993,6.119319174401948
1405,0.5422127128344308,8.893784219495185
1406,0.16772633568395146,14.116890439725083
1407,0.5570209021028664,8.739195392869483
1408,0.7094748282156957,7.1682139661073405
1409,0.5501090208861247,8.811213987648964
1410,0.8739605608147993,5.248655800866354
1411,0.8061265352264955,6.1077991373290335
1412,0.13569796041398297,14.901406417887104
1413,0.28841697882247197,11.949996735087796
1414,0.3088258645587061,11.654766467255685
1415,0.6286727105013428,8.001681193231535
1416,0.37941280890874163,10.72410597362764
1417,0.842282910239955,5.668756877301497
1418,0.09840842943379102,16.042987474979082
1419,0.8782532235656784,5.188247205459857
1420,0.22904393819473978,12.904790237994717
1421,0.7744287406151968,6.469150033807986
1422,0.9170660084065811,4.585990878128944
1423,0.8827576331084562,5.123776442577023
1424,0.008021567779101568,23.84537254216712
1425,0.1422684716238497,14.728751359210682
1426,0.2432878674885035,12.660331255618242
1427,0.650306850805069,7.7800969196663425
1428,0.8846789641288583,5.095920242753231
1429,0.30015294318112495,11.77851828917376
1430,0.7572543915354767,6.65837799846722
1431,0.0864408399967379,16.489910512455648
1432,0.003395279496668291,26.26857059827254
1433,0.16072806507463766,14.276988615501587
1434,0.9374938224165426,4.207646926948466
1435,0.7805550233753847,6.400645566548876
1436,0.28653200277297275,11.977993683186142
1437,0.9531000351960714,3.868124943805246
1438,0.29312935430027065,11.880565568844832
1439,0.47666538181860907,9.595533097054512
1440,0.48864049708089774,9.464705810063496
1441,0.9701688833158172,3.406789331174322
1442,0.7017864619272227,7.248591102989569
1443,0.3430711392682506,11.187852726850503
1444,0.401020541020255,10.46099601869104
1445,0.9849304654924185,2.8405890869498496
1446,0.1966001153931488,13.508761122353404
1447,0.862990191627892,5.398893397381222
1448,0.36411753488834764,10.915774422374145
1449,0.2851793044897353,11.99816536421695
1450,0.35069576336260044,11.088097084272437
1451,0.8139421827841948,6.015703494565731
1452,0.5973908643794194,8.322259676845857
1453,0.015727635434925502,21.880018404957585
1454,0.9842324477591821,2.874149364852328
1455,0.6216393138155473,8.073687300586375
1456,0.46833065836519805,9.687430643008588
1457,0.22657520781076435,12.94832832791515
1458,0.8665386968810866,5.350912007878007
1459,0.6214382161507741,8.075746325155155
1460,0.4589628287442704,9.791606370459638
1461,0.9700358851068712,3.410948363282725
1462,0.9681177669859594,3.469682713805348
1463,0.29728092590707156,11.820043081763012
1464,0.7089521031819364,7.173690171617361
1465,0.6892280561857568,7.379182788329413
1466,0.17849286053507585,13.88091955968269
1467,0.04420532385274545,18.702707911832015
1468,0.9972279531545527,1.8723812769202672
1469,0.4852374600944487,9.50174494025199
1470,0.4757681486804648,9.605391621230135
1471,0.2716752060895141,12.203386931434576
1472,0.8966310967438336,4.917336783829379
1473,0.6370522711230979,7.915892117734795
1474,0.5150659274157698,9.180474715763983
1475,0.6207008732427579,8.083296100489198
1476,0.1204750332749348,15.33031965093823
1477,0.7144803875580126,7.115684243291656
1478,0.9265001383274706,4.418488441367117
1479,0.50793596641282,9.25660980606779
1480,0.6300842193615532,7.987231339131445
1481,0.8938445376840414,4.959839943370362
1482,0.19784878369881498,13.484120823240234
1483,0.6600299028809021,7.680325895902904
1484,0.20243280953745568,13.39470471005426
1485,0.31152955096333734,11.616676620650098
1486,0.25402487634636706,12.483085951033159
1487,0.30937368988792935,11.647030295301677
1488,0.8100964989044749,6.061188584663859
1489,0.6953437119626223,7.315687464906564
1490,0.5500566248415825,8.81176081849231
1491,0.2077403880291102,13.29314615331501
1492,0.27267686395648405,12.187916135072179
1493,0.8055482398213392,6.114560537099858
1494,0.9126522178121638,4.66085733086007
1495,0.022956806402664842,20.743245435641427
1496,0.1965051282408996,13.510640601119185
1497,0.3244972861089671,11.437033451282332
1498,0.5134890436494532,9.197280186069007
1499,0.8967198849239557,4.91597321990025
1500,0.1318031616540023,15.007101532050067
1501,0.7750044819575245,6.4627361234165015
1502,0.30768109744352024,11.670962786343315
1503,0.5086683265014785,9.248771720232678
1504,0.2571559177035454,12.432450028298824
1505,0.9465803865885656,4.01692167867328
1506,0.6423701937921525,7.8614300053719735
1507,0.07275186201963035,17.073568628566548
1508,0.9581346202704883,3.744581385690434
1509,0.3878960645183859,10.619793329362937
1510,0.7010456280634134,7.2563177764726134
1511,0.1017723791205628,15.92593282942263
1512,0.17483435630947752,13.959774098980093
1513,0.9474148349533148,3.998495340712635
1514,0.703172149607812,7.234130459264048
1515,0.839584488995466,5.702794897389092
1516,0.4861644357802313,9.491644953874859
1517,0.919020052529593,4.552173154372544
1518,0.46088576024617445,9.770142675841354
1519,0.3261460412555661,11.414540259938766
1520,0.016903709754244267,21.665263058151538
1521,0.4199640901276056,10.236863637856063
1522,0.9680138077745883,3.472801999362533
1523,0.9702158905343468,3.4053165602854567
1524,0.7939600046655899,6.248626866531935
1525,0.004585477290695472,25.431159448746094
1526,0.150418595084039,14.523629204981598
1527,0.1902373415971096,13.636286120204504
1528,0.8132100948468286,6.0243883327514975
1529,0.025071064685826094,20.47449341652392
1530,0.7085143892565895,7.178274449484931
1531,0.8838695271729058,5.107682545021029
1532,0.5832791289729305,8.467413905899955
1533,0.02023005769620423,21.126273503256776
1534,4.4623265958332325e-05,37.59547279424972
1535,0.82954241683712,5.8274908674940935
1536,0.8466707957084495,5.612891816985361
1537,0.4186541625059459,10.252181972702667
1538,0.38322691689374966,10.677037872839252
1539,0.5030149799576196,9.309386218486448
1540,0.16812441610398188,14.107949172515294
1541,0.051901026749777035,18.18630899054342
1542,0.6130857082296091,8.161290984335247
1543,0.7859093549280631,6.340290170776079
1544,0.363201328297893,10.927410442683314
1545,0.9765688003039358,3.1908603039065
1546,0.40260704213681964,10.44200266712277
1547,0.5433454072872823,8.881919447524977
1548,0.7471459842212936,6.768049857847927
1549,0.8887019396389023,5.036863285034473
1550,0.7037595030993677,7.227997676255099
1551,0.8621349931832991,5.410373996395212
1552,0.3315664025373477,11.341119825107729
1553,0.27399639720695523,12.167598241889506
1554,0.4530723304759371,9.857621224999233
1555,0.6194400296998044,8.096206779871075
1556,0.7922032326543132,6.26872711917447
1557,0.6065607953324748,8.228166193629267
1558,0.3581475448914091,10.991924002887156
1559,0.45448245925653274,9.84178092674246
1560,0.062184543266513126,17.595394952260964
1561,0.32783514687414383,11.391574790526088
1562,0.735003246258007,6.898371198224898
1563,0.3144719961774556,11.57547810495224
1564,0.24235823480121887,12.675950962750512
1565,0.7150704685075013,7.109480679311477
1566,0.09951337587718267,16.004160061468212
1567,0.1340898779686892,14.944731458551722
1568,0.057825651330910666,17.834202284962746
1569,0.42246978342270114,10.20763309677224
1570,0.2523953059608113,12.50962282751383
1571,0.6457085104429837,7.827228807314047
1572,0.9770750654474628,3.1722373612702164
1573,0.5801796124435743,8.49936775645329
1574,0.320040971366488,11.498213056764998
1575,0.8170883454249425,5.978237050933531
1576,0.7720302752834709,6.495817602616185
1577,0.03322600670898079,19.604249495925362
1578,0.3942651435059532,10.542352130220635
1579,0.9531783959374688,3.866264458419865
1580,0.735856595372526,6.88925901416603
1581,0.04841044572506492,18.411233811757743
1582,0.8276537141366604,5.850616315624537
1583,0.9224401792039499,4.4919148663597674
1584,0.6368124673774513,7.91834755613584
1585,0.72743797834515,6.978872758606893
1586,0.13916059247408952,14.809564176098322
1587,0.06641536537241055,17.37759044796693
1588,0.7651435174958532,6.571940267575517
1589,0.6768882595646668,7.506804636784077
1590,0.6825357123515585,7.448472368482911
1591,0.3099380922349859,11.639069816788258
1592,0.6305293937015404,7.9826739887086795
1593,0.6881675827527847,7.390175310519547
1594,0.6572538405703272,7.708830077404777
1595,0.40424647592393437,10.422419827803656
1596,0.18870682167571218,13.6674676758834
1597,0.2800614932740253,12.075104470518722
1598,0.47309656824485047,9.634794483680887
1599,0.9884752860527495,2.651736032694169
1600,0.31617785961119727,11.551713158264146
1601,0.4599157499110046,9.780964655247207
1602,0.3727756761564349,10.806690765813276
1603,0.423145282099461,10.19976879131075
1604,0.7264261337770865,6.989602940399047
1605,0.375709673701925,10.770075383108278
1606,0.37478769517968125,10.781562744476853
1607,0.7698257337819958,6.520256555772633
1608,0.9933274904860518,2.31319104882346
1609,0.3599292065693791,10.969116139924743
1610,0.12282294502667324,15.261265345294547
1611,0.9620110514699135,3.6431979733804756
1612,0.8919761489938033,4.988030603633177
1613,0.8530767124539387,5.530116756767677
1614,0.3981694528480988,10.495235999819373
1615,0.3726242845213009,10.808584803879025
1616,0.47315594638518155,9.634140186608002
1617,0.7559288497525529,6.67282622387761
1618,0.08393225021405082,16.590435516227892
1619,0.9774048808523748,3.159961748740843
1620,0.8729844302347146,5.262258822823988
1621,0.23084019270275768,12.873336808565815
1622,0.17930194796327714,13.863657473924237
1623,0.755374105386124,6.678866690024705
1624,0.6525377021835581,7.757220338625561
1625,0.2934548843050786,11.875798331338435
1626,0.3909123571422428,10.583027224818585
1627,0.25768736804886905,12.4239005738854
1628,0.9050668565115058,4.785044290000619
1629,0.5265083600003855,9.05905516438106
1630,0.2832551953827144,12.026975389970065
1631,0.45423373843539605,9.844573155002317
1632,0.8243873031923783,5.8903809540523175
1633,0.755362168279366,6.678996630329646
1634,0.6314547853303385,7.973200466301766
1635,0.7611789967581228,6.6154755474581695
1636,0.9635322304407046,3.6016895037770573
1637,0.7322124481824597,6.92812586159036
1638,0.022758632779610655,20.769608534977813
1639,0.9687038987656605,3.451975722029799
1640,0.6800083672721812,7.47459191882151
1641,0.37786599484974803,10.743274752591685
1642,0.782838830358494,6.374958803314586
1643,0.9704217202835892,3.3988504598063254
1644,0.2923190732119636,11.892447912431843
1645,0.9648999254043785,3.5634497392169613
1646,0.10462841110228371,15.829161113946132
1647,0.30734891572905654,11.675670265151135
1648,0.9515120519515089,3.9054370903866786
1649,0.029009330482470563,20.025829320733386
1650,0.6238279874171723,8.05127876531809
1651,0.5100617193999378,9.233870352974273
1652,0.2739300600302481,12.16861799976976
1653,0.8736819183173865,5.252543800219906
1654,0.010801521299895422,22.985151028103136
1655,0.36079008937435886,10.958120788051618
1656,0.9026827997818051,4.823014112998468
1657,0.9867404616348325,2.7484202994146707
1658,0.5212780901373995,9.114443225217634
1659,0.5899227287699744,8.399015486668338
1660,0.7661258962739806,6.561120934869154
1661,0.8959799645522435,4.927318800312979
1662,0.7268130409552217,6.985500942262387
1663,0.06260182769398881,17.57333105607486
1664,0.4311841277181432,10.106682012571568
1665,0.36671948333013415,10.882827203228699
1666,0.4785817238157537,9.574503883529607
1667,0.8068564566994629,6.099254806812283
1668,0.8932984241917034,4.968104883045194
1669,0.7911863933923249,6.280335876065894
1670,0.8388199468881188,5.712396387130823
1671,0.2451432166980959,12.629291149366338
1672,0.36686730015066127,10.880959790380516
1673,0.5443333055564936,8.871577095475454
1674,0.206255210113222,13.32135718432801
1675,0.9483610290249601,3.9773937036884526
1676,0.9065805612647292,4.760682953015429
1677,0.5668284931836168,8.637375155839981
1678,0.13073461570708222,15.036560090543595
1679,0.18204308420176818,13.805638028842742
1680,0.4045081236144261,10.419298604490178
1681,0.6285492944581016,8.002944622381463
1682,0.9777526429923593,3.146891921767991
1683,0.76825662844087,6.537609960270452
1684,0.30694652957714796,11.681377315041567
1685,0.12194541502041711,15.286941455437209
1686,0.3373319779309182,11.263884900036286
1687,0.3628175953392643,10.932289324368774
1688,0.9142802184806393,4.63348053501034
1689,0.655387535061247,7.72798429788107
1690,0.47618881513851263,9.600768457656345
1691,0.24738262979480619,12.592059250010726
1692,0.1815707428312886,13.815585248894076
1693,0.912703628189792,4.659996915763879
1694,0.18611097996823012,13.720818884048448
1695,0.6961694394892984,7.307100368004093
1696,0.3534669123649392,11.052183451950526
1697,0.42161484590518483,10.217596069792997
1698,0.668565081627708,7.592575049820812
1699,0.9079195837876394,4.738963401921271
1700,0.6673515945221534,7.6050625285756315
1701,0.3269155151590144,11.404068554069346
1702,0.5421070499881205,8.894891378410339
1703,0.19379678102671272,13.564535695262757
1704,0.1327013256424462,14.98249598246871
1705,0.6019578313305941,8.275379216457551
1706,0.3200653773058513,11.497876444866296
1707,0.96726629016965,3.4950469524879257
1708,0.17194967314607235,14.022899016576513
1709,0.47106209539591926,9.657234710407721
1710,0.7847606075484443,6.3532786332513345
1711,0.3319779358520498,11.335577932120104
1712,0.9957627336308787,2.0714370364997334
1713,0.9805528613805877,3.036464035219682
1714,0.1545128132272593,14.424055145178079
1715,0.44184810400212915,9.984569483418921
1716,0.18937687055428742,13.653791873657289
1717,0.2488927091369484,12.567095076209107
1718,0.4602385740824162,9.777361866419787
1719,0.5882464564881458,8.416262165298082
1720,0.42092980339379726,10.22558695854003
1721,0.00038381266666587255,32.110459139871956
1722,0.02736275013706757,20.206071977647728
1723,0.7676840643644941,6.54393378656331
1724,0.23068178554973684,12.876103079779822
1725,0.3931332762281443,10.556061223058936
1726,0.46923428575345816,9.677432341664028
1727,0.6339675282042376,7.947475819212397
1728,0.2733452612662637,12.177615445327705
1729,0.06357537600215024,17.522364282540195
1730,0.34246600154673645,11.195830593410196
1731,0.5528014582641126,8.7831327101786
1732,0.3613251432677005,10.951295198715712
1733,0.08543422881826557,16.529934972044575
1734,0.3750556702699698,10.77822216474929
1735,0.5680819145541147,8.624391111501126
1736,0.08031579882942486,16.740125048312642
1737,0.1155103973999535,15.480207327957936
1738,0.10867614312170859,15.69585728490624
1739,0.7079367671746264,7.184322178186084
1740,0.2673553063192976,12.270586202422834
1741,0.1941020605907915,13.558430931702198
1742,0.8150115918516337,6.002994559187573
1743,0.2672857581209538,12.271674508177307
1744,0.853997764521216,5.5180901746056765
1745,0.25240613781660115,12.509446016062594
1746,0.5371077594198251,8.947346876979788
1747,0.6985752057631955,7.282061642903699
1748,0.6091882757146305,8.20123013322628
1749,0.22639083426831075,12.951594464257747
1750,0.9834564983626041,2.9103149186871877
1751,0.9058190014607344,4.7729644598401375
1752,0.37959286772667533,10.721877642097374
1753,0.6131491165713692,8.160641344581123
1754,0.5594282574600842,8.71416427323366
1755,0.8595282089298016,5.445176225615373
1756,0.08168453129139241,16.68278397306364
1757,0.738175331035549,6.864465179695213
1758,0.04633345996331484,18.55218001849961
1759,0.8353325437983592,5.755961852798164
1760,0.8515509944300363,5.5499680425856734
1761,0.03089477787703243,19.83074883440844
1762,0.3575059201149047,11.000155083218338
1763,0.7209903835278949,7.047107247573174
1764,0.9379732161632193,4.197997070864514
1765,0.5689741548290889,8.61515222328845
1766,0.27741364917846423,12.11530586003886
1767,0.4296769372289001,10.124065114446852
1768,0.011525925862308717,22.79580194830578
1769,0.15770425586151515,14.347941078425128
1770,0.9964293675011272,1.9882564390698132
1771,0.8698433950919707,5.305709167418182
1772,0.480861380984998,9.549535016963809
1773,0.4215194366906829,10.218708584179714
1774,0.7772789532865949,6.437349715999525
1775,0.08888822528195905,16.39428313131152
1776,0.7454998951893632,6.785802981760588
1777,0.5827312278791219,8.473060281525882
1778,0.2967323945315554,11.828005696481796
1779,0.3543163257672961,11.041210831038427
1780,0.6355643043824667,7.931127473692956
1781,0.5363417746732796,8.955396743912218
1782,0.10017172364817994,15.98120398249188
1783,0.8175368274216378,5.972877006163284
1784,0.8829673928721435,5.120745892774341
1785,0.27793705372760535,12.10733743229724
1786,0.004025982956523344,25.794946152635077
1787,0.7463156278670541,6.777008832911317
1788,0.4324820983069312,10.09173714251406
1789,0.3105182293292027,11.630897722694135
1790,0.7146359381065733,7.114049161911183
1791,0.12453787129231608,15.211535430061417
1792,0.9599648545484601,3.6974589867173178
1793,0.9020757972192399,4.832605839690859
1794,0.33536111384826905,11.290188516005601
1795,0.9396125398701638,4.16467502615946
1796,0.8629773954987375,5.399065412505468
1797,0.7546730987964327,6.686494611948624
1798,0.4459332632656452,9.938184284412882
1799,0.11267726120462251,15.568236240933183
1800,0.7394934905264037,6.850347712501221
1801,0.8592863622935052,5.448390588111299
1802,0.1822109787645675,13.802107279137372
1803,0.6601301076599788,7.679296701787393
1804,0.7984575988519359,6.196905728868657
1805,0.10895960306821717,15.686683754275197
1806,0.9438852370561326,4.075319025396496
1807,0.5465998038313333,8.84786876701345
1808,0.7010191848350151,7.256593514610717
1809,0.8648754615299712,5.373471609608972
1810,0.9374105638769233,4.209318587988447
1811,0.6173814933573,8.11728779474658
1812,0.381983918132315,10.692346468937686
1813,0.6878692073785297,7.393267269762544
1814,0.8908562080938353,5.004813984387069
1815,0.45509596708364486,9.834896585593302
1816,0.4018818450044266,10.450679368741921
1817,0.3835548910802511,10.673003488428861
1818,0.4631596761499771,9.744815011090736
1819,0.2868652705401942,11.97303429955457
1820,0.41644575796410843,10.27806569378705
1821,0.23332690933028566,12.83009961420429
1822,0.3579631292904384,10.994288832631723
1823,0.22728455306207307,12.935781399804124
1824,0.5563710879343179,8.745956518865732
1825,0.9337698640832712,4.28122630306347
1826,0.7761612595528253,6.449834480411608
1827,0.553638336980888,8.774411538135885
1828,0.9912288825039572,2.4754345138080103
1829,0.43413175280266536,10.072776300263863
1830,0.7942662281900125,6.245117405930238
1831,0.43013843107234784,10.118739141291762
1832,0.5784784910302498,8.516917771243332
1833,0.03676897127824985,19.286675653719268
1834,0.5576520729389524,8.732630095793322
1835,0.12253975438560438,15.269534227081794
1836,0.8102167470830531,6.05977139442656
1837,0.33407440623928375,11.307415737551164
1838,0.6009698182845592,8.285517982738895
1839,0.7100955437051302,7.161708925106437
1840,0.9922073927229952,2.40359072736557
1841,0.26444995960572804,12.316226593918604
1842,0.39930811056800675,10.481544716787937
1843,0.6873879908700244,7.3982531220467145
1844,0.5019623487013999,9.320700683435309
1845,0.35377515600588627,11.048199677589025
1846,0.30656631568800763,11.686774615201111
1847,0.4590153868370339,9.791019160145055
1848,0.5790978291007205,8.51052715961094
1849,0.9445931339986074,4.06014086371481
1850,0.34951777148150887,11.103418146648037
1851,0.48230207846036066,9.533781282804116
1852,0.7143910462802519,7.116623285778244
1853,0.9620298687605906,3.6426907918012383
1854,0.8194534986278017,5.949914543849264
1855,0.7105860348105945,7.15656687241082
1856,0.895673062085212,4.932012929455698
1857,0.7343118211144221,6.905749472886
1858,0.7776315063564915,6.433407739448722
1859,0.402497195992257,10.443316367332562
1860,0.4178553970073726,10.26153541853954
1861,0.22485028481545422,12.978965034634843
1862,0.9734088343469849,3.3016240763641993
1863,0.6799691116911994,7.474997424182155
1864,0.993466472314179,2.3012520793746076
1865,0.2833786265489747,12.025123063415437
1866,0.5778200205246083,8.523713529014056
1867,0.18845939673099743,13.672527474116379
1868,0.41805811387340863,10.25916071715819
1869,0.41401605111697015,10.306629269293492
1870,0.27043280071987075,12.222633579880464
1871,0.49415557588904924,9.404902446846055
1872,0.4112739305083577,10.33897566168329
1873,0.9361208276811214,4.2350550494451
1874,0.01775341255058771,21.51868753464602
1875,0.21971714190205938,13.071218363017879
1876,0.7016735226022253,7.249769225102876
1877,0.8695214576130317,5.3101354103163905
1878,0.2787972253587938,12.094265330123925
1879,0.39322924654980995,10.554897955653223
1880,0.739247179540345,6.852986962896725
1881,0.8459069602496092,5.622663916700951
1882,0.7220370302650273,7.036052706672695
1883,0.18103169405180652,13.826962790770569
1884,0.266612808628539,12.28221563845859
1885,0.28321612491499804,12.027561838610763
1886,0.4124580361509711,10.324993358896762
1887,0.42462139365685037,10.18260672260504
1888,0.9296827221805434,4.359365853149522
1889,0.5157555159660876,9.173131215400515
1890,0.7036228275372787,7.229424936879822
1891,0.3502097698463804,11.09441399003415
1892,0.5200993835364833,9.1269512618329
1893,0.16942970041790706,14.078751979487635
1894,0.9568116928371853,3.7778717491427236
1895,0.11386035694265939,15.531247388040027
1896,0.9526183098379347,3.8795219678804
1897,0.22877652929847658,12.909488819710488
1898,0.3361973842279049,11.279015172473095
1899,0.7834075750065042,6.36854890098061
1900,0.11613857966006391,15.460940361459574
1901,0.17874626300923513,13.875506366547441
1902,0.2967175457030191,11.828221388311457
1903,0.19287121186021294,13.583091449722712
1904,0.2667783742007729,12.27962041122656
1905,0.2982858315331086,11.805482141811108
1906,0.2770572210028919,12.120738380269145
1907,0.6994292950876957,7.273165077739227
1908,0.5445168584361157,8.869656052370898
1909,0.5480141502487503,8.833087909493358
1910,0.3762061527822451,10.763896543895727
1911,0.8160676350372799,5.990418046049061
1912,0.8158612769367909,5.992877662720257
1913,0.8343809416127159,5.767785104037447
1914,0.5975886218737874,8.320228833960101
1915,0.2060931006574397,13.324446096862928
1916,0.9461392033527909,4.026596210090756
1917,0.3083312334792788,11.661759521165058
1918,0.23549170337283853,12.792744237887193
1919,0.8712367084934227,5.286495108840109
1920,0.8736246077010297,5.253342985694187
1921,0.7962437972141531,6.22241160427004
1922,0.3876851324844839,10.622370643565677
1923,0.5124304718274842,9.208572109449088
1924,0.5636668170841942,8.67015451118631
1925,0.6028141519468122,8.266593233634289
1926,0.07769585884588048,16.852339339506713
1927,0.01769571270654624,21.528429818346346
1928,0.337678184422866,11.259274696078354
1929,0.1606106742829011,14.279722549305525
1930,0.7764871727635161,6.446195935801771
1931,0.3897813148457028,10.596794273198343
1932,0.12959105059589326,15.068313422565193
1933,0.959933191394383,3.6982851969623507
1934,0.19428713746966986,13.554733612358813
1935,0.036207957746379194,19.335028706154436
1936,0.8073894048699471,6.093009021448783
1937,0.21259077310025765,13.202098686925396
1938,0.9541875881798603,3.8421361570422716
1939,0.99159750149221,2.449054427215944
1940,0.5113162732421703,9.220466457383878
1941,0.794218519296326,6.245664285208403
1942,0.7650821437536602,6.5726157781587276
1943,0.7243080732722897,7.012037284497106
1944,0.6476011468073253,7.807833097206131
1945,0.8402712413072584,5.694154474004431
1946,0.6396069363831522,7.889731786770817
1947,0.1100437612177233,15.651786369913776
1948,0.2128133267316512,13.197960155353641
1949,0.2113792223355253,13.2246876933694
1950,0.5800973090427454,8.500216647969193
1951,0.7689312600183384,6.530153077913804
1952,0.7840911473018561,6.360837888211811
1953,0.6121654225403403,8.170720098124146
